[
	{
		"id": 508391242,
		"name": "Тёма",
		"rights": 0,
		"activ": 13254,
		"life": 73146,
		"hp": 13254,
		"bonus": 0,
		"views": 1,
		"quest": {
			"pay": false
		},
		"tablets": 6,
		"user": 1,
		"date": "13:03 4.03.2020",
		"uid": 0
	},
	{
		"id": 589323502,
		"name": "Мак",
		"rights": 0,
		"activ": 5463,
		"life": 75696,
		"hp": 12841,
		"bonus": 0,
		"views": 0,
		"quest": {
			"pay": false
		},
		"tablets": 1,
		"user": 564751447,
		"date": "09:40 23.04.2020",
		"uid": 1
	},
	{
		"id": 564751447,
		"name": "Никита",
		"rights": 0,
		"activ": 9463,
		"life": 74964,
		"hp": 11461,
		"bonus": 0,
		"views": 1,
		"quest": {
			"pay": false
		},
		"tablets": 6,
		"user": 508391242,
		"date": "10:03 23.04.2020",
		"uid": 2
	}
]